id-MLDSA44-ECDSA-P256-SHA256-1.3.6.1.5.5.7.6.40_ta.der,1f13f84bae461d2eeb57fc11b06b3ac9acc876e7219f4786c05f69f964f18a6d
id-MLDSA44-Ed25519-SHA512-1.3.6.1.5.5.7.6.39_ta.der,d68547c20212eaebcc9ad0073e88aa2a7bfeff9bc9cc75b08cbd17f99c4cbecb
id-MLDSA44-RSA2048-PKCS15-SHA256-1.3.6.1.5.5.7.6.38_ta.der,fd2269cd54533df5d28791799bc86b25b090000e239cbc84403b6a1218a4b323
id-MLDSA44-RSA2048-PSS-SHA256-1.3.6.1.5.5.7.6.37_ta.der,f7efb6bc42b96c6c95fdd81039dd91416375f02338c71594222522dc145719cd
id-MLDSA65-ECDSA-P256-SHA512-1.3.6.1.5.5.7.6.45_ta.der,7b4a62e68ba0517c849562d85bb9b1bbb931cecfea41e39458a8ec0873f2fd9f
id-MLDSA65-ECDSA-P384-SHA512-1.3.6.1.5.5.7.6.46_ta.der,16643cf0d3484775b0004e9a7e78a7b341a720254b58c2a1fbf2365c48dbba7f
id-MLDSA65-ECDSA-brainpoolP256r1-SHA512-1.3.6.1.5.5.7.6.47_ta.der,67630b6cfb6875eca7d633f9e454758de277155fcac860ce71798c111c588173
id-MLDSA65-Ed25519-SHA512-1.3.6.1.5.5.7.6.48_ta.der,3921668acd9353e2e4ff34f128cb1283a6cf682ad080ccf3543a0378f9e8b74e
id-MLDSA65-RSA3072-PKCS15-SHA512-1.3.6.1.5.5.7.6.42_ta.der,627338b7d79f61954859637d42e2578c4f8b41e6cbe5e12f8d7c3bbce4b1b71e
id-MLDSA65-RSA3072-PSS-SHA512-1.3.6.1.5.5.7.6.41_ta.der,157c64d7fef40f65aeb27fc49a1d85327413aeba6391258b8e7cb27fd08a2eb0
id-MLDSA65-RSA4096-PKCS15-SHA512-1.3.6.1.5.5.7.6.44_ta.der,27e0dfcd91c00703498313b48195c897d449fbe184698bec21c1dde5102e8282
id-MLDSA65-RSA4096-PSS-SHA512-1.3.6.1.5.5.7.6.43_ta.der,7501c81efc8a2d1f63209e6430eb8d4f925c2328fa181e4a0b48e90d5b1871bf
id-MLDSA87-ECDSA-P384-SHA512-1.3.6.1.5.5.7.6.49_ta.der,7af871a261de3946cc789e6ec92dddc0abe2b563e23bfb75f11b3eac6ac96196
id-MLDSA87-ECDSA-P521-SHA512-1.3.6.1.5.5.7.6.54_ta.der,57e5119f54e10411de662b16453e26fccd65188a9a6c4f6a52194fa9abde7557
id-MLDSA87-ECDSA-brainpoolP384r1-SHA512-1.3.6.1.5.5.7.6.50_ta.der,f757aaac0425b87ddc724f80496493f603d6d6ed4509b752c4706f27b67d7cd9
id-MLDSA87-Ed448-SHAKE256-1.3.6.1.5.5.7.6.51_ta.der,60aba1404c74b47b06291eb9ee2bbbe249252274183a53347a11a9e10c137dd7
id-MLDSA87-RSA3072-PSS-SHA512-1.3.6.1.5.5.7.6.52_ta.der,eb821e35b030794874a03c3c2f3886e2c2379ecc1f2efef8744c5909213aa300
id-MLDSA87-RSA4096-PSS-SHA512-1.3.6.1.5.5.7.6.53_ta.der,2f9de41ad893905db8c1e1f1669829cdada595ca75a0419f6be658e991e66b97
ml-dsa-44-2.16.840.1.101.3.4.3.17_ta.der,844d735fb62b5aa9c2185e44625b0d967ab6d3ae33f7fca8c6b1c5e039dcd1e8
ml-dsa-65-2.16.840.1.101.3.4.3.18_ta.der,479248b463b096cb9714caac15a064438b6800dd0abfc2e15b5665a5ad33f60f
ml-dsa-87-2.16.840.1.101.3.4.3.19_ta.der,009c328101a17d9b884fac3e670064103421330e887efe3e71ba3388d3731019
slh-dsa-sha2-128f-2.16.840.1.101.3.4.3.21_ta.der,128e689001a44d7f9be28059957d7dde452f183e23cc1cf6599423776be48407
slh-dsa-sha2-128s-2.16.840.1.101.3.4.3.20_ta.der,ae0eff1b929a779f70ba924adbb59661dc7cb2e341f411c833f8e855cf6961c2
slh-dsa-sha2-192f-2.16.840.1.101.3.4.3.23_ta.der,a694331dc09f3df99e22c128e0a54fd68b1714a7ee6e1e59c0c746278452f199
slh-dsa-sha2-192s-2.16.840.1.101.3.4.3.22_ta.der,67831470bb09beb3c0f3387a78b08d69c9bcdf12b401373da7c68ca9719c5425
slh-dsa-sha2-256f-2.16.840.1.101.3.4.3.25_ta.der,020227a5498c7ca83fae69f942202b5126ac5531d779c35131be82a9ab4b960d
slh-dsa-sha2-256s-2.16.840.1.101.3.4.3.24_ta.der,d2150d4966f9d6435bed0bc8fd6c6a8d3094c52f0c4b2d4b97d8a4f5878a7a91
slh-dsa-shake-128f-2.16.840.1.101.3.4.3.27_ta.der,50269bed936d549a289eae415e27bd13244fae121a12d773bc8b125dbaeb8e6d
slh-dsa-shake-128s-2.16.840.1.101.3.4.3.26_ta.der,be27880ea0b171e32428d8b7ca9bdd37acc54344eaa15984f8b0e455c41500c1
slh-dsa-shake-192f-2.16.840.1.101.3.4.3.29_ta.der,7eddac16b2d96709e40fcc8e738ccde6f6b90b65fa0aef5f0cdf4bab3f814965
slh-dsa-shake-192s-2.16.840.1.101.3.4.3.28_ta.der,8121d9c361d7d8d09c450c1a888bed887bf41474d8980fa59a807e6d92fd09c1
slh-dsa-shake-256f-2.16.840.1.101.3.4.3.31_ta.der,abdb2aac40de2d2a8ab43bcd6bcaf83457f165fd48e9722ba3899521f78d4b5f
slh-dsa-shake-256s-2.16.840.1.101.3.4.3.30_ta.der,687d3ea863722f418a1c66c62bfebfceea6b78b47903735ccd2ade7e0d0a3c77
id-MLKEM1024-ECDH-P384-SHA3-256-1.3.6.1.5.5.7.6.63_ee.der,2e2c9e6a94fefe94df272901e61051f8d3f60e0d19818aaf37519a021d7c7b9b
id-MLKEM1024-ECDH-P521-SHA3-256-1.3.6.1.5.5.7.6.66_ee.der,c6c95583419c0940a069a9ae995970f567c7b3fb2d03a501da99d7a609cb90e1
id-MLKEM1024-ECDH-brainpoolP384r1-SHA3-256-1.3.6.1.5.5.7.6.64_ee.der,a9147035ddf2e8f5cf614f0c66c258499ad4e3ebcb171c4a72f4dd9b896a77ac
id-MLKEM1024-RSA3072-SHA3-256-1.3.6.1.5.5.7.6.62_ee.der,aed7815ebb5d8bfb6007f47bce818be650126d08d46a6302b90da46a15439122
id-MLKEM1024-X448-SHA3-256-1.3.6.1.5.5.7.6.65_ee.der,76a593a0dd53b6d87a3981d124ec1502899bacb244a5458134a173f45ffc1c9f
id-MLKEM768-ECDH-P256-SHA3-256-1.3.6.1.5.5.7.6.59_ee.der,8141f8f7af857c47d32d6e37bb6f74bacae84165f169cd1c6fb0dd467742d299
id-MLKEM768-ECDH-P384-SHA3-256-1.3.6.1.5.5.7.6.60_ee.der,34007dd24e84a09fac99a3d20cc38aa497714fb08a3364385888081f3c453cd6
id-MLKEM768-ECDH-brainpoolP256r1-SHA3-256-1.3.6.1.5.5.7.6.61_ee.der,873c0ad03547697052285f11d1e95b3544f35630d6980e992359febf4cd76529
id-MLKEM768-RSA2048-SHA3-256-1.3.6.1.5.5.7.6.55_ee.der,2a0a8a5ed6cdd7d8497904a285deb8ea9574e714ed7e929d473628b9d13c34bb
id-MLKEM768-RSA3072-SHA3-256-1.3.6.1.5.5.7.6.56_ee.der,8b07edf39e48d2328f3a0098159207eb40dc4142b9fc19a6138afc5d4168e1a9
id-MLKEM768-RSA4096-SHA3-256-1.3.6.1.5.5.7.6.57_ee.der,f0e08b929fe7e5b28ad8ee52e17672ad40cef457106880a8c750b5a832a27dae
id-MLKEM768-X25519-SHA3-256-1.3.6.1.5.5.7.6.58_ee.der,57db2dca86e03315c6a16d30f7b58bb671dcdd4de87eabaa8ad1671f5e42d767
id-alg-ml-kem-1024-2.16.840.1.101.3.4.4.3_ee.der,cca7fce5d622be1dfdec4934aef805cc302c7b11d6d22e3a8866e4a6adf14656
id-alg-ml-kem-768-2.16.840.1.101.3.4.4.2_ee.der,16b9a50ff66f76b070e4f47f4a18eb925d28269cc56be89f33f8077c1422f00e
id-MLKEM1024-ECDH-P384-SHA3-256-1.3.6.1.5.5.7.6.63_ciphertext.bin,17daeb23e65ab2f6cbcad4fb9c25ed00737b947b630c5950b522ba01a622db53
id-MLKEM1024-ECDH-P521-SHA3-256-1.3.6.1.5.5.7.6.66_ciphertext.bin,2b95f29dd201e7d3f0ce1e33319eea97d41258e4b570e4d08990bf0dc4b4ec6c
id-MLKEM1024-ECDH-brainpoolP384r1-SHA3-256-1.3.6.1.5.5.7.6.64_ciphertext.bin,3858215497a318b7b4dd507a1cac89ee979210b60f0da26a83e3ae45bfdfca5b
id-MLKEM1024-RSA3072-SHA3-256-1.3.6.1.5.5.7.6.62_ciphertext.bin,fc08cc22dfca93e0db91679088cd695dc989b7964b73bf80b2c27ffc7ee8f0a4
id-MLKEM1024-X448-SHA3-256-1.3.6.1.5.5.7.6.65_ciphertext.bin,e3d9adc5332c7b08447b4fd2a31de56068a97e5aed4c3a34a8a8b1258c3cd450
id-MLKEM768-ECDH-P256-SHA3-256-1.3.6.1.5.5.7.6.59_ciphertext.bin,1b05484381964604e06ade1b56130feee6b32e9eb55fe42d151e19952a6e2dbf
id-MLKEM768-ECDH-P384-SHA3-256-1.3.6.1.5.5.7.6.60_ciphertext.bin,f0d1ed57ded6bc98ec3434716c9ed9d3ab8d5d3192ba3bf9c236334885cf00a6
id-MLKEM768-ECDH-brainpoolP256r1-SHA3-256-1.3.6.1.5.5.7.6.61_ciphertext.bin,a38cd2b3fdc94686a6b369848f13d5923271d8aeb043a9ed66d9c5f19eaa34a4
id-MLKEM768-RSA2048-SHA3-256-1.3.6.1.5.5.7.6.55_ciphertext.bin,2478b7ccf52280f519f8e07f9f8a8c6a7d8af44d79e4012c576533671543b667
id-MLKEM768-RSA3072-SHA3-256-1.3.6.1.5.5.7.6.56_ciphertext.bin,304a192e3924eba05f200476f324ae9f6b6011a28ede9ceb85bc3683069e5d4f
id-MLKEM768-RSA4096-SHA3-256-1.3.6.1.5.5.7.6.57_ciphertext.bin,1a1b8af49f82c1419b2d63295210dbc277c916685bcaccea6254721ba063de57
id-MLKEM768-X25519-SHA3-256-1.3.6.1.5.5.7.6.58_ciphertext.bin,0c444dcebd2ae5eb5016c2946f85555aaca23503824664a94cf30572c3c02517
id-alg-ml-kem-1024-2.16.840.1.101.3.4.4.3_ciphertext.bin,fc51810eba33543b039f47d63bc00fee0fff26f7f122e2b7f9733d315ab01c6a
id-alg-ml-kem-768-2.16.840.1.101.3.4.4.2_ciphertext.bin,d5a40a193756bfd9d3d87735ba5930cdc6c0b8989a98b32333521cb2a3114e2f
